{"loss": 233.43646240234375, "l2_loss": 210.92108154296875, "l1_loss": 22.515377044677734, "_timestamp": 1694555203.7557368, "_runtime": 8.39529275894165, "_step": 168, "_wandb": {"runtime": 8}}