{"loss": 228.52505493164062, "l2_loss": 210.55567932128906, "l1_loss": 17.969369888305664, "_timestamp": 1694555344.6845548, "_runtime": 8.497478723526001, "_step": 168}